<?xml version="1.0" encoding="UTF-8"?>
<tcs_cfg product_id="DA14531-00">
    <tcs_group>
		<tcs_group_id>
			<idx>0</idx>
			<name>RESERVED</name>
			<length>0</length>
			<type>no_type</type>
			<domain>no_domain</domain>
		</tcs_group_id>
		<tcs_group_id>
			<idx>1</idx>
			<name>PD_SYS</name>
			<length>0</length>
			<type>TRIM_VALUE_REG_SETTING</type>
			<domain>PD_SYS</domain>
		</tcs_group_id>
		<tcs_group_id>
			<idx>2</idx>
			<name>PD_SLP</name>
			<length>0</length>
			<type>TRIM_VALUE_REG_SETTING</type>
			<domain>PD_SLP</domain>
		</tcs_group_id>
		<tcs_group_id>
			<idx>4</idx>
			<name>PD_TMR</name>
			<length>0</length>
			<type>TRIM_VALUE_REG_SETTING</type>
			<domain>PD_TMR</domain>
		</tcs_group_id>
		<tcs_group_id>
			<idx>6</idx>
			<name>PD_RAD</name>
			<length>0</length>
			<type>TRIM_VALUE_REG_SETTING</type>
			<domain>PD_RAD</domain>
		</tcs_group_id>
		<tcs_group_id>
			<idx>7</idx>
			<name>PD_ADPLL</name>
			<length>0</length>
			<type>TRIM_VALUE_REG_SETTING</type>
			<domain>PD_ADPLL</domain>
		</tcs_group_id>
		<tcs_group_id>
			<idx>8</idx>
			<name>RESERVED</name>
			<length>0</length>
			<type>no_type</type>
			<domain>no_domain</domain>
		</tcs_group_id>
		<tcs_group_id>
			<idx>9</idx>
			<name>RESERVED</name>
			<length>0</length>
			<type>no_type</type>
			<domain>no_domain</domain>
		</tcs_group_id>
		<tcs_group_id>
			<idx>10</idx>
			<name>RESERVED</name>
			<length>0</length>
			<type>no_type</type>
			<domain>no_domain</domain>
		</tcs_group_id>
		<tcs_group_id>
			<idx>11</idx>
			<name>RESERVED</name>
			<length>0</length>
			<type>no_type</type>
			<domain>no_domain</domain>
		</tcs_group_id>
		<tcs_group_id>
			<idx>12</idx>
			<name>RESERVED</name>
			<length>3</length>
			<type>no_type</type>
			<domain>no_domain</domain>
		</tcs_group_id>
		<tcs_group_id>
			<idx>13</idx>
			<name>RESERVED</name>
			<length>1</length>
			<type>no_type</type>
			<domain>no_domain</domain>
		</tcs_group_id>
		<tcs_group_id>
			<idx>14</idx>
			<name>RESERVED</name>
			<length>1</length>
			<type>no_type</type>
			<domain>no_domain</domain>
		</tcs_group_id>
		<tcs_group_id>
			<idx>15</idx>
			<name>RESERVED</name>
			<length>0</length>
			<type>no_type</type>
			<domain>no_domain</domain>
		</tcs_group_id>
		<tcs_group_id>
			<idx>16</idx>
			<name>RESERVED</name>
			<length>0</length>
			<type>no_type</type>
			<domain>no_domain</domain>
		</tcs_group_id>
		<tcs_group_id>
			<idx>17</idx>
			<name>GP_ADC_SINGLE</name>
			<length>1</length>
			<type>Single ended</type>
			<domain>PD_PER</domain>
		</tcs_group_id>
		<tcs_group_id>
			<idx>18</idx>
			<name>GP_ADC_DIFF</name>
			<length>1</length>
			<type>Differential</type>
			<domain>PD_PER</domain>
		</tcs_group_id>
		<tcs_group_id>
			<idx>19</idx>
			<name>GP_ADC_GEN</name>
			<length>1</length>
			<type>Trim data for GP ADC</type>
			<domain>PD_PER</domain>
		</tcs_group_id>
		<tcs_group_id>
			<idx>20</idx>
			<name>GP_TEMP</name>
			<length>1</length>
			<type>TRIM data for temperature sensor and attenuator</type>
			<domain>PD_PER</domain>
		</tcs_group_id>
		<tcs_group_id>
			<idx>21</idx>
			<name>GP_CLK_TRIM</name>
			<length>1</length>
			<type>Crystal trim settings</type>
			<domain>PD_PER</domain>
		</tcs_group_id>
		<tcs_group_id>
			<idx>22</idx>
			<name>LP_CLK_SET</name>
			<length>1</length>
			<type>clock source for LP clock</type>
			<domain>PD_PER</domain>
		</tcs_group_id>
		<tcs_group_id>
			<idx>no_group_id</idx>
			<name>BOOT_FLOW_REG_SETTINGS</name>
			<length>1</length>
			<type>BOOT_FLOW_REG_SETTING</type>
			<domain>no_domain</domain>
		</tcs_group_id>
		<tcs_group_id>
			<idx>no_group_id</idx>
			<name>BOOT_FLOW_CMDS</name>
			<length>1</length>
			<type>BOOT_FLOW_CMD</type>
			<domain>no_domain</domain>
		</tcs_group_id>
		</tcs_group>
</tcs_cfg>